TIMELINE,ID,SAMPLE,FILE
1d,1073753,https://files.yande.re/sample/013011719f791b83785378439b5a9e99/yande.re%201073753%20sample%20ass%20ass_grab%20azur_lane%20breasts%20classic_%28zildjian33%29%20maid%20nipples%20no_bra%20nopan%20photoshop%20pussy%20sirius_%28azur_lane%29%20skirt_lift%20thighhighs%20uncensored.jpg,https://files.yande.re/image/013011719f791b83785378439b5a9e99/yande.re%201073753%20ass%20ass_grab%20azur_lane%20breasts%20classic_%28zildjian33%29%20maid%20nipples%20no_bra%20nopan%20photoshop%20pussy%20sirius_%28azur_lane%29%20skirt_lift%20thighhighs%20uncensored.png
1d,1074296,https://files.yande.re/sample/c1305549f0d46c7651e3fede53087739/yande.re%201074296%20sample%20breasts%20dress%20garter%20genshin_impact%20houkiboshi_%28mmjw7432%29%20keqing%20nipples%20no_bra%20nopan%20pussy%20see_through%20umbrella%20uncensored.jpg,https://files.yande.re/image/c1305549f0d46c7651e3fede53087739/yande.re%201074296%20breasts%20dress%20garter%20genshin_impact%20houkiboshi_%28mmjw7432%29%20keqing%20nipples%20no_bra%20nopan%20pussy%20see_through%20umbrella%20uncensored.jpg
1d,1072998,https://files.yande.re/sample/8b2d8c248530f4f84b06562dd593473c/yande.re%201072998%20sample%20heterochromia%20hololive%20houshou_marine%20naked%20nipples%20pussy%20uechin_ewokaku%20wet.jpg,https://files.yande.re/image/8b2d8c248530f4f84b06562dd593473c/yande.re%201072998%20heterochromia%20hololive%20houshou_marine%20naked%20nipples%20pussy%20uechin_ewokaku%20wet.png
1d,1074298,https://files.yande.re/sample/0cc1f5f846921ddcfee5fcd37869a15b/yande.re%201074298%20sample%20breasts%20censored%20dress%20genshin_impact%20houkiboshi_%28mmjw7432%29%20keqing%20nipples%20no_bra%20nopan%20pussy%20see_through%20umbrella.jpg,https://files.yande.re/image/0cc1f5f846921ddcfee5fcd37869a15b/yande.re%201074298%20breasts%20censored%20dress%20genshin_impact%20houkiboshi_%28mmjw7432%29%20keqing%20nipples%20no_bra%20nopan%20pussy%20see_through%20umbrella.jpg
1d,1076522,https://files.yande.re/sample/95b1f124d694823e3f274de40ffc3ec5/yande.re%201076522%20sample%20cameltoe%20garter_belt%20lingerie%20no_bra%20pantsu%20see_through%20stockings%20thighhighs%20thong%20torrentduck.jpg,https://files.yande.re/image/95b1f124d694823e3f274de40ffc3ec5/yande.re%201076522%20cameltoe%20garter_belt%20lingerie%20no_bra%20pantsu%20see_through%20stockings%20thighhighs%20thong%20torrentduck.jpg
1d,1074295,https://files.yande.re/sample/8734349408a40f94eb92b9013c41285b/yande.re%201074295%20sample%20breasts%20dress%20garter%20genshin_impact%20houkiboshi_%28mmjw7432%29%20keqing%20nipples%20no_bra%20see_through%20umbrella.jpg,https://files.yande.re/image/8734349408a40f94eb92b9013c41285b/yande.re%201074295%20breasts%20dress%20garter%20genshin_impact%20houkiboshi_%28mmjw7432%29%20keqing%20nipples%20no_bra%20see_through%20umbrella.jpg
1d,1070440,https://files.yande.re/sample/476b0eba185115934a658afc7a80d473/yande.re%201070440%20sample%20cum%20fantongjun%20garter%20genshin_impact%20naked%20nipples%20pussy%20raiden_shogun%20uncensored.jpg,https://files.yande.re/image/476b0eba185115934a658afc7a80d473/yande.re%201070440%20cum%20fantongjun%20garter%20genshin_impact%20naked%20nipples%20pussy%20raiden_shogun%20uncensored.jpg
1d,1071573,https://files.yande.re/sample/0460b0fbd3e776d8dae90aa003dd7e9b/yande.re%201071573%20sample%20cum%20feet%20genshin_impact%20gweda%20naked%20penis%20pussy%20sangonomiya_kokomi%20sex%20uncensored.jpg,https://files.yande.re/image/0460b0fbd3e776d8dae90aa003dd7e9b/yande.re%201071573%20cum%20feet%20genshin_impact%20gweda%20naked%20penis%20pussy%20sangonomiya_kokomi%20sex%20uncensored.jpg
1d,1070656,https://files.yande.re/sample/2c5337427128454dc1c1deb19da99a1a/yande.re%201070656%20sample%20angel%20anus%20blue_archive%20cum%20gweda%20kisaki_%28blue_archive%29%20loli%20naked%20nipples%20pussy%20uncensored.jpg,https://files.yande.re/image/2c5337427128454dc1c1deb19da99a1a/yande.re%201070656%20angel%20anus%20blue_archive%20cum%20gweda%20kisaki_%28blue_archive%29%20loli%20naked%20nipples%20pussy%20uncensored.png
1d,1076471,https://files.yande.re/sample/fdfc6d0161fa8b1f99438a2f4e60b676/yande.re%201076471%20sample%20animal_ears%20cameltoe%20nipples%20pantsu%20stockings%20tail%20thighhighs%20thong%20topless%20yatanukikey.jpg,https://files.yande.re/image/fdfc6d0161fa8b1f99438a2f4e60b676/yande.re%201076471%20animal_ears%20cameltoe%20nipples%20pantsu%20stockings%20tail%20thighhighs%20thong%20topless%20yatanukikey.png
1d,1070646,https://files.yande.re/sample/0648fc8f0ad5aac1cb8bc3858d31aee7/yande.re%201070646%20sample%20angel%20animal_ears%20blue_archive%20gweda%20naked%20nekomimi%20nipples%20pussy%20sex%20sunaookami_shiroko%20uncensored.jpg,https://files.yande.re/image/0648fc8f0ad5aac1cb8bc3858d31aee7/yande.re%201070646%20angel%20animal_ears%20blue_archive%20gweda%20naked%20nekomimi%20nipples%20pussy%20sex%20sunaookami_shiroko%20uncensored.jpg
1d,1070872,https://files.yande.re/sample/62f8ac12cd7171108168056cbf49b699/yande.re%201070872%20sample%20animal_ears%20bottomless%20breasts%20hololive%20nipples%20no_bra%20pussy%20selfie%20shirt_lift%20shishiro_botan%20uncensored%20wei_xiao.jpg,https://files.yande.re/image/62f8ac12cd7171108168056cbf49b699/yande.re%201070872%20animal_ears%20bottomless%20breasts%20hololive%20nipples%20no_bra%20pussy%20selfie%20shirt_lift%20shishiro_botan%20uncensored%20wei_xiao.jpg
1d,1070445,https://files.yande.re/sample/d0051652ac5e93b7b702765870f8506d/yande.re%201070445%20sample%20akito_%28d30n26%29%20breasts%20gym_uniform%20nipples%20no_bra%20open_shirt.jpg,https://files.yande.re/image/d0051652ac5e93b7b702765870f8506d/yande.re%201070445%20akito_%28d30n26%29%20breasts%20gym_uniform%20nipples%20no_bra%20open_shirt.jpg
1d,1071527,https://files.yande.re/sample/e1698234784c9948dba2d389ad9dce53/yande.re%201071527%20sample%20angel%20ass%20blue_archive%20breasts%20chinadress%20chintora0201%20kisaki_%28blue_archive%29%20loli%20nipples%20no_bra%20nopan%20pussy%20pussy_juice%20tail%20uncensored.jpg,https://files.yande.re/image/e1698234784c9948dba2d389ad9dce53/yande.re%201071527%20angel%20ass%20blue_archive%20breasts%20chinadress%20chintora0201%20kisaki_%28blue_archive%29%20loli%20nipples%20no_bra%20nopan%20pussy%20pussy_juice%20tail%20uncensored.png
1d,1076532,https://files.yande.re/sample/a7d9d9800c52948e86990784f5fd62f1/yande.re%201076532%20sample%20ass%20cameltoe%20genshin_impact%20niliu_chahui%20pantsu%20pantyhose%20raiden_shogun%20seifuku%20shimapan%20skirt_lift%20thighhighs%20yae_miko.jpg,https://files.yande.re/image/a7d9d9800c52948e86990784f5fd62f1/yande.re%201076532%20ass%20cameltoe%20genshin_impact%20niliu_chahui%20pantsu%20pantyhose%20raiden_shogun%20seifuku%20shimapan%20skirt_lift%20thighhighs%20yae_miko.jpg
1d,1076422,https://files.yande.re/sample/2ee36b348bfcb8477b7f15490705c57c/yande.re%201076422%20sample%20naked%20nipples%20pussy%20sauvignon%20uncensored.jpg,https://files.yande.re/image/2ee36b348bfcb8477b7f15490705c57c/yande.re%201076422%20naked%20nipples%20pussy%20sauvignon%20uncensored.png
1d,1076358,https://files.yande.re/sample/fa801be5d284d1600e7c8614da62f918/yande.re%201076358%20sample%20angel%20animal_ears%20blue_archive%20bra%20cameltoe%20cum%20dress_shirt%20kurashina_yuzuki%20nekomimi%20open_shirt%20pantsu%20pussy_juice%20sunaookami_shiroko.jpg,https://files.yande.re/image/fa801be5d284d1600e7c8614da62f918/yande.re%201076358%20angel%20animal_ears%20blue_archive%20bra%20cameltoe%20cum%20dress_shirt%20kurashina_yuzuki%20nekomimi%20open_shirt%20pantsu%20pussy_juice%20sunaookami_shiroko.png
1d,1070661,https://files.yande.re/sample/29cf189d3165cbd77c30e12b41590e7d/yande.re%201070661%20sample%20arknights%20breasts%20horns%20nipples%20pointy_ears%20pussy%20ru_zhai%20shirt_lift%20skirt_lift%20torn_clothes%20uncensored%20yato_%28arknights%29.jpg,https://files.yande.re/image/29cf189d3165cbd77c30e12b41590e7d/yande.re%201070661%20arknights%20breasts%20horns%20nipples%20pointy_ears%20pussy%20ru_zhai%20shirt_lift%20skirt_lift%20torn_clothes%20uncensored%20yato_%28arknights%29.jpg
1d,1070724,https://files.yande.re/sample/9fff1a4c8d237df2ebf599ff92cc806a/yande.re%201070724%20sample%20anus%20ass%20genshin_impact%20hu_dako%20lisa_%28genshin_impact%29%20pussy%20pussy_juice%20selfie%20tattoo%20uncensored.jpg,https://files.yande.re/image/9fff1a4c8d237df2ebf599ff92cc806a/yande.re%201070724%20anus%20ass%20genshin_impact%20hu_dako%20lisa_%28genshin_impact%29%20pussy%20pussy_juice%20selfie%20tattoo%20uncensored.jpg
1d,1072992,https://files.yande.re/sample/46e271c13d22c77b5e960cb5c999c8b0/yande.re%201072992%20sample%20bikini%20heterochromia%20hololive%20houshou_marine%20swimsuits%20uechin_ewokaku%20undressing%20wet.jpg,https://files.yande.re/image/46e271c13d22c77b5e960cb5c999c8b0/yande.re%201072992%20bikini%20heterochromia%20hololive%20houshou_marine%20swimsuits%20uechin_ewokaku%20undressing%20wet.png
1d,1069860,https://files.yande.re/sample/a4874d568c03f315027ffd94d1600beb/yande.re%201069860%20sample%20amid_%28epic7%29%20breasts%20chinadress%20epic7%20garter%20kaetzchen%20nipples%20no_bra%20nopan%20penis%20pointy_ears%20pussy%20pussy_juice%20sex%20skirt_lift%20uncensored.jpg,https://files.yande.re/image/a4874d568c03f315027ffd94d1600beb/yande.re%201069860%20amid_%28epic7%29%20breasts%20chinadress%20epic7%20garter%20kaetzchen%20nipples%20no_bra%20nopan%20penis%20pointy_ears%20pussy%20pussy_juice%20sex%20skirt_lift%20uncensored.png
1d,1076185,https://files.yande.re/sample/0438140e62c8417e23b8cf278176acd3/yande.re%201076185%20sample%20nipples%20pantsu%20senji%20topless.jpg,https://files.yande.re/image/0438140e62c8417e23b8cf278176acd3/yande.re%201076185%20nipples%20pantsu%20senji%20topless.png
1d,1070712,https://files.yande.re/sample/c3db3fb7c26f8c9898d0c8a07de037f4/yande.re%201070712%20sample%20animal_ears%20anus%20ass%20cum%20genshin_impact%20hu_dako%20kitsune%20naked%20pussy%20uncensored%20yae_miko.jpg,https://files.yande.re/image/c3db3fb7c26f8c9898d0c8a07de037f4/yande.re%201070712%20animal_ears%20anus%20ass%20cum%20genshin_impact%20hu_dako%20kitsune%20naked%20pussy%20uncensored%20yae_miko.jpg
1d,1076481,https://files.yande.re/sample/d4a6c159ea2347f2231054c93c0bf6d3/yande.re%201076481%20sample%20angel%20bikini%20blue_archive%20dress_shirt%20feet%20harenchi%20horns%20joumae_saori%20open_shirt%20rikuhachima_aru%20see_through%20swimsuits%20wet_clothes.jpg,https://files.yande.re/image/d4a6c159ea2347f2231054c93c0bf6d3/yande.re%201076481%20angel%20bikini%20blue_archive%20dress_shirt%20feet%20harenchi%20horns%20joumae_saori%20open_shirt%20rikuhachima_aru%20see_through%20swimsuits%20wet_clothes.jpg
1d,1070759,https://files.yande.re/sample/bf28d1b14b4694ee2ba0b8afea7dcba4/yande.re%201070759%20sample%20breasts%20censored%20nipples%20no_bra%20nopan%20open_shirt%20pantyhose%20pussy%20seifuku%20undressing%20yukemuriganmo.jpg,https://files.yande.re/image/bf28d1b14b4694ee2ba0b8afea7dcba4/yande.re%201070759%20breasts%20censored%20nipples%20no_bra%20nopan%20open_shirt%20pantyhose%20pussy%20seifuku%20undressing%20yukemuriganmo.jpg
1d,1076638,https://files.yande.re/sample/2930fb6af9ba04e00be4aa4511b8fb71/yande.re%201076638%20sample%20animal_ears%20anus%20bunny_ears%20genshin_impact%20machi_%287769%29%20naked%20nipples%20pussy%20uncensored%20yae_miko.jpg,https://files.yande.re/image/2930fb6af9ba04e00be4aa4511b8fb71/yande.re%201076638%20animal_ears%20anus%20bunny_ears%20genshin_impact%20machi_%287769%29%20naked%20nipples%20pussy%20uncensored%20yae_miko.png
1d,1073497,https://files.yande.re/sample/bc848e52017b645f05d06d71a9c4eaf7/yande.re%201073497%20sample%20asou_%28asabu202%29%20ass%20breast_grab%20fellatio%20fujiwara_chika%20gangbang%20iino_miko%20naked%20nipples%20penis%20pussy%20sex%20uncensored.jpg,https://files.yande.re/image/bc848e52017b645f05d06d71a9c4eaf7/yande.re%201073497%20asou_%28asabu202%29%20ass%20breast_grab%20fellatio%20fujiwara_chika%20gangbang%20iino_miko%20naked%20nipples%20penis%20pussy%20sex%20uncensored.png
1d,1070785,https://files.yande.re/sample/fc2168d129e9bd083169abcaf009d33c/yande.re%201070785%20sample%20nopan%20pussy%20seifuku%20skirt_lift%20uncensored%20yukemuriganmo.jpg,https://files.yande.re/image/fc2168d129e9bd083169abcaf009d33c/yande.re%201070785%20nopan%20pussy%20seifuku%20skirt_lift%20uncensored%20yukemuriganmo.jpg
1d,1076472,https://files.yande.re/sample/aee866f639e7f6919962ba9dc8895cb6/yande.re%201076472%20sample%20amber_%28genshin_impact%29%20ass%20bra%20eliskalti%20eula%20garter_belt%20genshin_impact%20pantsu%20stockings%20thighhighs%20thong%20undressing.jpg,https://files.yande.re/image/aee866f639e7f6919962ba9dc8895cb6/yande.re%201076472%20amber_%28genshin_impact%29%20ass%20bra%20eliskalti%20eula%20garter_belt%20genshin_impact%20pantsu%20stockings%20thighhighs%20thong%20undressing.jpg
1d,1076635,https://files.yande.re/sample/a9fc2b1e2e9fc34d1a3b06f683944aec/yande.re%201076635%20sample%20bra%20machi_%287769%29%20open_shirt%20pantsu%20transparent_png.jpg,https://files.yande.re/image/a9fc2b1e2e9fc34d1a3b06f683944aec/yande.re%201076635%20bra%20machi_%287769%29%20open_shirt%20pantsu%20transparent_png.png
1d,1071400,https://files.yande.re/sample/09031e80749a253daffb6fc6eced0edb/yande.re%201071400%20sample%20ass%20houjou_karen%20jougasaki_mika%20mk%20nipples%20pussy%20stockings%20symmetrical_docking%20the_idolm%40ster%20thighhighs%20topless%20uncensored.jpg,https://files.yande.re/image/09031e80749a253daffb6fc6eced0edb/yande.re%201071400%20ass%20houjou_karen%20jougasaki_mika%20mk%20nipples%20pussy%20stockings%20symmetrical_docking%20the_idolm%40ster%20thighhighs%20topless%20uncensored.jpg
1d,1076357,https://files.yande.re/sample/16f82445a8c4a7fc31d5ad9a4eec9c1b/yande.re%201076357%20sample%20angel%20blue_archive%20chinadress%20kisaki_%28blue_archive%29%20kurobi_%28netisz%29%20no_bra.jpg,https://files.yande.re/image/16f82445a8c4a7fc31d5ad9a4eec9c1b/yande.re%201076357%20angel%20blue_archive%20chinadress%20kisaki_%28blue_archive%29%20kurobi_%28netisz%29%20no_bra.jpg
1d,1076512,https://files.yande.re/sample/0ee7ccee02cf7148d270a0a6f3816619/yande.re%201076512%20sample%20bra%20dress_shirt%20erect_nipples%20open_shirt%20sira_%28user_dswn7488%29%20symmetrical_docking%20thighhighs.jpg,https://files.yande.re/image/0ee7ccee02cf7148d270a0a6f3816619/yande.re%201076512%20bra%20dress_shirt%20erect_nipples%20open_shirt%20sira_%28user_dswn7488%29%20symmetrical_docking%20thighhighs.png
1d,1069854,https://files.yande.re/sample/4e30bc21f7511fa457fe6084841db068/yande.re%201069854%20sample%20animal_ears%20ass%20bunny_ears%20bunny_girl%20cameltoe%20crossover%20endou_aina%20heels%20hoshizuki_suzu%20kaede_to_suzu%20kyokucho%20no_bra%20pantyhose%20tail%20yuugiri_miyabi.jpg,https://files.yande.re/image/4e30bc21f7511fa457fe6084841db068/yande.re%201069854%20animal_ears%20ass%20bunny_ears%20bunny_girl%20cameltoe%20crossover%20endou_aina%20heels%20hoshizuki_suzu%20kaede_to_suzu%20kyokucho%20no_bra%20pantyhose%20tail%20yuugiri_miyabi.jpg
1d,1069325,https://files.yande.re/sample/6b0c97aaa806d39822a54b6fb3911667/yande.re%201069325%20sample%20elf%20hololive%20naked%20nipples%20pointy_ears%20shirai_yu%20yukihana_lamy.jpg,https://files.yande.re/image/6b0c97aaa806d39822a54b6fb3911667/yande.re%201069325%20elf%20hololive%20naked%20nipples%20pointy_ears%20shirai_yu%20yukihana_lamy.png
1d,1071556,https://files.yande.re/sample/0f241fa38c1f998fbd52486d25d6df67/yande.re%201071556%20sample%20angel%20breasts%20censored%20dildo%20iijima_masashi%20masturbation%20nipples%20no_bra%20pussy%20pussy_juice%20see_through%20skirt_lift%20thighhighs.jpg,https://files.yande.re/image/0f241fa38c1f998fbd52486d25d6df67/yande.re%201071556%20angel%20breasts%20censored%20dildo%20iijima_masashi%20masturbation%20nipples%20no_bra%20pussy%20pussy_juice%20see_through%20skirt_lift%20thighhighs.png
1d,1071312,https://files.yande.re/sample/78aea13f3a5636f8f20178a6fdbbcc80/yande.re%201071312%20sample%20angel%20animal_ears%20blue_archive%20ett%20garter%20nekomimi%20no_bra%20penis%20pussy%20sex%20sunaookami_shiroko%20uncensored.jpg,https://files.yande.re/image/78aea13f3a5636f8f20178a6fdbbcc80/yande.re%201071312%20angel%20animal_ears%20blue_archive%20ett%20garter%20nekomimi%20no_bra%20penis%20pussy%20sex%20sunaookami_shiroko%20uncensored.jpg
1d,1076510,https://files.yande.re/sample/5d346321cc29977bdd26f8ac04ee5efb/yande.re%201076510%20sample%20angel%20animal_ears%20ass%20blue_archive%20k.j.%20nekomimi%20sunaookami_shiroko%20swimsuits%20wet.jpg,https://files.yande.re/image/5d346321cc29977bdd26f8ac04ee5efb/yande.re%201076510%20angel%20animal_ears%20ass%20blue_archive%20k.j.%20nekomimi%20sunaookami_shiroko%20swimsuits%20wet.jpg
1d,1071672,https://files.yande.re/sample/7d128a35a4a79caed27473473c20d9ec/yande.re%201071672%20sample%20areola%20erect_nipples%20garter%20genshin_impact%20horns%20nilou%20no_bra%20squchan%20undressing.jpg,https://files.yande.re/image/7d128a35a4a79caed27473473c20d9ec/yande.re%201071672%20areola%20erect_nipples%20garter%20genshin_impact%20horns%20nilou%20no_bra%20squchan%20undressing.png
1d,1070855,https://files.yande.re/sample/3211a60c53ec268c8171d42303d8764c/yande.re%201070855%20sample%20angel%20animal_ears%20bikini%20blue_archive%20kasuga_tsubaki%20nipples%20swimsuits%20topless%20wei_xiao.jpg,https://files.yande.re/image/3211a60c53ec268c8171d42303d8764c/yande.re%201070855%20angel%20animal_ears%20bikini%20blue_archive%20kasuga_tsubaki%20nipples%20swimsuits%20topless%20wei_xiao.png
1w,1073276,https://files.yande.re/sample/c9bf0621a5e53418a397ec3324cb1d62/yande.re%201073276%20sample%20argus_%28azur_lane%29%20azur_lane%20classic_%28zildjian33%29%20pantsu%20panty_pull%20pussy%20pussy_juice%20seifuku%20skirt_lift%20undressing.jpg,https://files.yande.re/image/c9bf0621a5e53418a397ec3324cb1d62/yande.re%201073276%20argus_%28azur_lane%29%20azur_lane%20classic_%28zildjian33%29%20pantsu%20panty_pull%20pussy%20pussy_juice%20seifuku%20skirt_lift%20undressing.jpg
1w,1075840,https://files.yande.re/sample/8a54358746f13386cb41d16e17d2dbfd/yande.re%201075840%20sample%20bikini%20bottomless%20breasts%20emori_el%20emori_miku%20emori_miku_project%20nijihashi_sora%20nipples%20no_bra%20open_shirt%20pussy%20swimsuits%20uncensored%20wet.jpg,https://files.yande.re/image/8a54358746f13386cb41d16e17d2dbfd/yande.re%201075840%20bikini%20bottomless%20breasts%20emori_el%20emori_miku%20emori_miku_project%20nijihashi_sora%20nipples%20no_bra%20open_shirt%20pussy%20swimsuits%20uncensored%20wet.jpg
1w,1075397,https://files.yande.re/sample/f439fc808d0fcde1adb6893a71c25fff/yande.re%201075397%20sample%20breasts%20gym_uniform%20kurasawa_moko%20nipples%20no_bra%20nopan%20pussy%20shirt_lift%20uncensored%20wet.jpg,https://files.yande.re/image/f439fc808d0fcde1adb6893a71c25fff/yande.re%201075397%20breasts%20gym_uniform%20kurasawa_moko%20nipples%20no_bra%20nopan%20pussy%20shirt_lift%20uncensored%20wet.jpg
1w,1075210,https://files.yande.re/sample/99143d421bb47c4fae785984d129595e/yande.re%201075210%20sample%20breasts%20connectopia%20cum%20lingerie%20masturbation%20nagiha_kuten%20nipples%20pantsu%20see_through%20thighhighs%20thong%20yamitsuki_dokuro.jpg,https://files.yande.re/image/99143d421bb47c4fae785984d129595e/yande.re%201075210%20breasts%20connectopia%20cum%20lingerie%20masturbation%20nagiha_kuten%20nipples%20pantsu%20see_through%20thighhighs%20thong%20yamitsuki_dokuro.jpg
1w,1075131,https://files.yande.re/sample/4b1a5ebbe948c353395939e24934ce31/yande.re%201075131%20sample%20gin00%20naked%20nipples%20oosaki_amana%20pussy%20the_idolm%40ster%20the_idolm%40ster_shiny_colors%20uncensored.jpg,https://files.yande.re/image/4b1a5ebbe948c353395939e24934ce31/yande.re%201075131%20gin00%20naked%20nipples%20oosaki_amana%20pussy%20the_idolm%40ster%20the_idolm%40ster_shiny_colors%20uncensored.jpg
1w,1074411,https://files.yande.re/sample/9dbf920e6ab2e827f9a8dfa86195af7d/yande.re%201074411%20sample%20argus_%28azur_lane%29%20azur_lane%20classic_%28zildjian33%29%20pantsu%20panty_pull%20photoshop%20pussy%20seifuku%20skirt_lift%20uncensored%20undressing.jpg,https://files.yande.re/image/9dbf920e6ab2e827f9a8dfa86195af7d/yande.re%201074411%20argus_%28azur_lane%29%20azur_lane%20classic_%28zildjian33%29%20pantsu%20panty_pull%20photoshop%20pussy%20seifuku%20skirt_lift%20uncensored%20undressing.png
1w,1075960,https://files.yande.re/sample/94ded8ef5a56fb2bc89ce3c5d0bdbbbc/yande.re%201075960%20sample%20breasts%20machi_%287769%29%20nipples%20no_bra%20open_shirt%20pantsu%20photoshop.jpg,https://files.yande.re/image/94ded8ef5a56fb2bc89ce3c5d0bdbbbc/yande.re%201075960%20breasts%20machi_%287769%29%20nipples%20no_bra%20open_shirt%20pantsu%20photoshop.png
1w,1075957,https://files.yande.re/sample/9c195cc056f87c995add0aae9c6aa12a/yande.re%201075957%20sample%20bra%20machi_%287769%29%20open_shirt%20pantsu.jpg,https://files.yande.re/image/9c195cc056f87c995add0aae9c6aa12a/yande.re%201075957%20bra%20machi_%287769%29%20open_shirt%20pantsu.jpg
1w,1069191,https://files.yande.re/sample/eeee350f30eb102b4df327c2f4e29796/yande.re%201069191%20sample%20arknights%20cum%20horns%20nipples%20omone_hokoma_agm%20pussy%20pussy_juice%20see_through%20surtr_%28arknights%29%20swimsuits%20uncensored.jpg,https://files.yande.re/image/eeee350f30eb102b4df327c2f4e29796/yande.re%201069191%20arknights%20cum%20horns%20nipples%20omone_hokoma_agm%20pussy%20pussy_juice%20see_through%20surtr_%28arknights%29%20swimsuits%20uncensored.jpg
1w,1069252,https://files.yande.re/sample/b417966c3d97e3f408cb0018a2fd43db/yande.re%201069252%20sample%20anus%20blue_archive%20da_%28datako%29%20heels%20kisaki_%28blue_archive%29%20naked%20nipples%20photoshop%20pussy%20uncensored.jpg,https://files.yande.re/image/b417966c3d97e3f408cb0018a2fd43db/yande.re%201069252%20anus%20blue_archive%20da_%28datako%29%20heels%20kisaki_%28blue_archive%29%20naked%20nipples%20photoshop%20pussy%20uncensored.jpg
1w,1069957,https://files.yande.re/sample/d16a8e2819cc4a5740f12d62e97ab098/yande.re%201069957%20sample%20anus%20asian_clothes%20bottomless%20breasts%20feet%20fukuro_ko_%28greentea%29%20ganyu%20genshin_impact%20horns%20nipples%20no_bra%20pussy%20uncensored.jpg,https://files.yande.re/image/d16a8e2819cc4a5740f12d62e97ab098/yande.re%201069957%20anus%20asian_clothes%20bottomless%20breasts%20feet%20fukuro_ko_%28greentea%29%20ganyu%20genshin_impact%20horns%20nipples%20no_bra%20pussy%20uncensored.jpg
1w,1073331,https://files.yande.re/sample/cd3c1ea452820ef9698269d81ea19c4b/yande.re%201073331%20sample%20ass%20marinesnow%20naked%20nipples%20shirase_sakuya%20the_idolm%40ster%20the_idolm%40ster_shiny_colors.jpg,https://files.yande.re/image/cd3c1ea452820ef9698269d81ea19c4b/yande.re%201073331%20ass%20marinesnow%20naked%20nipples%20shirase_sakuya%20the_idolm%40ster%20the_idolm%40ster_shiny_colors.png
1w,1074474,https://files.yande.re/sample/acbe8cf2d0d12a5ec9d02fd0ab15ab23/yande.re%201074474%20sample%20animal_ears%20indie_virtual_youtuber%20loli%20naked%20nipples%20rurudo_%28vtuber%29%20tail%20yuzuki_%28yuzukicture%29.jpg,https://files.yande.re/image/acbe8cf2d0d12a5ec9d02fd0ab15ab23/yande.re%201074474%20animal_ears%20indie_virtual_youtuber%20loli%20naked%20nipples%20rurudo_%28vtuber%29%20tail%20yuzuki_%28yuzukicture%29.png
1w,1069955,https://files.yande.re/sample/237d0124d5ff42038680d9c6cb80e583/yande.re%201069955%20sample%20asian_clothes%20feet%20fukuro_ko_%28greentea%29%20ganyu%20genshin_impact%20horns%20leotard%20pantyhose%20pussy%20torn_clothes%20uncensored.jpg,https://files.yande.re/image/237d0124d5ff42038680d9c6cb80e583/yande.re%201069955%20asian_clothes%20feet%20fukuro_ko_%28greentea%29%20ganyu%20genshin_impact%20horns%20leotard%20pantyhose%20pussy%20torn_clothes%20uncensored.jpg
1w,1071864,https://files.yande.re/sample/00eb312fa21d61ca622fbb627836c861/yande.re%201071864%20sample%20angel%20blue_archive%20bottomless%20breasts%20hayase_yuuka%20nipples%20no_bra%20open_shirt%20pantsu%20panty_pull%20photoshop%20pussy%20pussy_juice%20seifuku%20twinbox%20uncensored.jpg,https://files.yande.re/image/00eb312fa21d61ca622fbb627836c861/yande.re%201071864%20angel%20blue_archive%20bottomless%20breasts%20hayase_yuuka%20nipples%20no_bra%20open_shirt%20pantsu%20panty_pull%20photoshop%20pussy%20pussy_juice%20seifuku%20twinbox%20uncensored.png
1w,1069298,https://files.yande.re/sample/be6cacca41abe17bff39a81396278256/yande.re%201069298%20sample%20breasts%20garter%20kase_daiki%20maid%20nipples%20no_bra%20nopan%20pussy%20skirt_lift%20uncensored.jpg,https://files.yande.re/image/be6cacca41abe17bff39a81396278256/yande.re%201069298%20breasts%20garter%20kase_daiki%20maid%20nipples%20no_bra%20nopan%20pussy%20skirt_lift%20uncensored.png
1w,1072559,https://files.yande.re/sample/b97b12bb0469539e421bd6751941fd2c/yande.re%201072559%20sample%20akino_ell%20animal_ears%20naked%20nekomimi%20nipples%20photoshop%20pussy%20tail%20uncensored.jpg,https://files.yande.re/image/b97b12bb0469539e421bd6751941fd2c/yande.re%201072559%20akino_ell%20animal_ears%20naked%20nekomimi%20nipples%20photoshop%20pussy%20tail%20uncensored.png
1w,1075218,https://files.yande.re/sample/d64603bccc500b275bcd48cd9f12d48d/yande.re%201075218%20sample%20dress%20erect_nipples%20no_bra%20sebu_illust%20see_through.jpg,https://files.yande.re/image/d64603bccc500b275bcd48cd9f12d48d/yande.re%201075218%20dress%20erect_nipples%20no_bra%20sebu_illust%20see_through.jpg
1w,1069954,https://files.yande.re/sample/409f858d788944b675093c92e1592f58/yande.re%201069954%20sample%20asian_clothes%20feet%20fukuro_ko_%28greentea%29%20ganyu%20genshin_impact%20horns%20leotard%20pantyhose%20pussy%20uncensored.jpg,https://files.yande.re/image/409f858d788944b675093c92e1592f58/yande.re%201069954%20asian_clothes%20feet%20fukuro_ko_%28greentea%29%20ganyu%20genshin_impact%20horns%20leotard%20pantyhose%20pussy%20uncensored.jpg
1w,1074996,https://files.yande.re/sample/f9befe37027af605ee28903b2157af35/yande.re%201074996%20sample%20angel%20animal_ears%20blue_archive%20myuu_%28arisumeria%29%20naked%20nekomimi%20nipples%20photoshop%20pussy%20pussy_juice%20sunaookami_shiroko%20uncensored%20wet.jpg,https://files.yande.re/image/f9befe37027af605ee28903b2157af35/yande.re%201074996%20angel%20animal_ears%20blue_archive%20myuu_%28arisumeria%29%20naked%20nekomimi%20nipples%20photoshop%20pussy%20pussy_juice%20sunaookami_shiroko%20uncensored%20wet.png
1w,1074666,https://files.yande.re/sample/d6b7f55abc349fdeaac403dc8cddcc81/yande.re%201074666%20sample%20breasts%20garter%20lingerie%20nipples%20pantsu%20string_panties%20thong%20yuzuki_%28yuzukicture%29.jpg,https://files.yande.re/image/d6b7f55abc349fdeaac403dc8cddcc81/yande.re%201074666%20breasts%20garter%20lingerie%20nipples%20pantsu%20string_panties%20thong%20yuzuki_%28yuzukicture%29.png
1w,1067758,https://files.yande.re/sample/b094f918e07f74df972fb836a3f00c64/yande.re%201067758%20sample%20breasts%20dress%20genshin_impact%20hizuki_higure%20keqing%20nipples%20no_bra%20nopan%20photoshop%20pussy%20skirt_lift%20uncensored.jpg,https://files.yande.re/image/b094f918e07f74df972fb836a3f00c64/yande.re%201067758%20breasts%20dress%20genshin_impact%20hizuki_higure%20keqing%20nipples%20no_bra%20nopan%20photoshop%20pussy%20skirt_lift%20uncensored.png
1w,1075275,https://files.yande.re/sample/62bf4a8b4d1bba5053f3ddae2123a65d/yande.re%201075275%20sample%20angel%20arona_%28blue_archive%29%20blue_archive%20cameltoe%20chen_bin%20duplicate%20feet%20loli%20pantsu%20pantyhose%20see_through%20seifuku%20skirt_lift%20thong.jpg,https://files.yande.re/image/62bf4a8b4d1bba5053f3ddae2123a65d/yande.re%201075275%20angel%20arona_%28blue_archive%29%20blue_archive%20cameltoe%20chen_bin%20duplicate%20feet%20loli%20pantsu%20pantyhose%20see_through%20seifuku%20skirt_lift%20thong.jpg
1w,1069956,https://files.yande.re/sample/e8661c5fc32f0a346904d59e8e801d7c/yande.re%201069956%20sample%20asian_clothes%20feet%20fukuro_ko_%28greentea%29%20ganyu%20genshin_impact%20horns%20pussy%20uncensored.jpg,https://files.yande.re/image/e8661c5fc32f0a346904d59e8e801d7c/yande.re%201069956%20asian_clothes%20feet%20fukuro_ko_%28greentea%29%20ganyu%20genshin_impact%20horns%20pussy%20uncensored.jpg
1w,1074994,https://files.yande.re/sample/ef54fd1989eb557ec392d122004ac5ab/yande.re%201074994%20sample%20feet%20fukuro_ko_%28greentea%29%20genshin_impact%20lumine%20pantyhose%20seifuku%20skirt_lift.jpg,https://files.yande.re/image/ef54fd1989eb557ec392d122004ac5ab/yande.re%201074994%20feet%20fukuro_ko_%28greentea%29%20genshin_impact%20lumine%20pantyhose%20seifuku%20skirt_lift.jpg
1w,1070650,https://files.yande.re/sample/5cedc2ffac1d830f161dcc86dbc3d8ab/yande.re%201070650%20sample%20angel%20anus%20blue_archive%20gweda%20kisaki_%28blue_archive%29%20loli%20naked%20nipples%20pussy%20uncensored.jpg,https://files.yande.re/image/5cedc2ffac1d830f161dcc86dbc3d8ab/yande.re%201070650%20angel%20anus%20blue_archive%20gweda%20kisaki_%28blue_archive%29%20loli%20naked%20nipples%20pussy%20uncensored.png
1w,1074470,https://files.yande.re/sample/ee990a9e565930ca780efbbf687bc8d8/yande.re%201074470%20sample%20animal_ears%20cum%20hololive%20naked%20nekomata_okayu%20nekomimi%20nipples%20see_through%20tail%20yuzuki_%28yuzukicture%29.jpg,https://files.yande.re/image/ee990a9e565930ca780efbbf687bc8d8/yande.re%201074470%20animal_ears%20cum%20hololive%20naked%20nekomata_okayu%20nekomimi%20nipples%20see_through%20tail%20yuzuki_%28yuzukicture%29.png
1w,1070208,https://files.yande.re/sample/7b3967d8523cc8ff53e9301fd52cecb9/yande.re%201070208%20sample%20anus%20ass%20feet%20lambda_%28artist%29%20nijisanji%20nopan%20pussy%20seifuku%20shizuka_rin%20skirt_lift%20sweater%20uncensored.jpg,https://files.yande.re/image/7b3967d8523cc8ff53e9301fd52cecb9/yande.re%201070208%20anus%20ass%20feet%20lambda_%28artist%29%20nijisanji%20nopan%20pussy%20seifuku%20shizuka_rin%20skirt_lift%20sweater%20uncensored.jpg
1w,1070651,https://files.yande.re/sample/b181bc60dc88616d136564c69c4db8e0/yande.re%201070651%20sample%20angel%20anus%20blue_archive%20gweda%20kisaki_%28blue_archive%29%20naked%20nipples%20pussy%20uncensored.jpg,https://files.yande.re/image/b181bc60dc88616d136564c69c4db8e0/yande.re%201070651%20angel%20anus%20blue_archive%20gweda%20kisaki_%28blue_archive%29%20naked%20nipples%20pussy%20uncensored.png
1w,1069304,https://files.yande.re/sample/659444e5e22b902b200ada7fba7a9014/yande.re%201069304%20sample%20breasts%20garter%20kase_daiki%20maid%20nipples%20no_bra%20nopan%20pee%20pussy%20skirt_lift%20uncensored.jpg,https://files.yande.re/image/659444e5e22b902b200ada7fba7a9014/yande.re%201069304%20breasts%20garter%20kase_daiki%20maid%20nipples%20no_bra%20nopan%20pee%20pussy%20skirt_lift%20uncensored.png
1w,1071866,https://files.yande.re/sample/b147e68f66e2fba719f1d9692929db74/yande.re%201071866%20sample%20animal_ears%20breasts%20bunny_ears%20bunny_girl%20kodama_haruka%20nipples%20no_bra%20nopan%20pantyhose%20pussy%20pussy_juice%20torn_clothes%20twinbox%20uncensored.jpg,https://files.yande.re/image/b147e68f66e2fba719f1d9692929db74/yande.re%201071866%20animal_ears%20breasts%20bunny_ears%20bunny_girl%20kodama_haruka%20nipples%20no_bra%20nopan%20pantyhose%20pussy%20pussy_juice%20torn_clothes%20twinbox%20uncensored.jpg
1w,1075931,https://files.yande.re/sample/d36cda479fc008f1ad3751d66a9299a7/yande.re%201075931%20sample%20angel%20arona_%28blue_archive%29%20artist_revision%20blue_archive%20cameltoe%20chen_bin%20feet%20loli%20pantsu%20pantyhose%20see_through%20seifuku%20skirt_lift%20thong.jpg,https://files.yande.re/image/d36cda479fc008f1ad3751d66a9299a7/yande.re%201075931%20angel%20arona_%28blue_archive%29%20artist_revision%20blue_archive%20cameltoe%20chen_bin%20feet%20loli%20pantsu%20pantyhose%20see_through%20seifuku%20skirt_lift%20thong.jpg
1w,1075032,https://files.yande.re/sample/e6b5e9fa524a351e3647d423e5a334e3/yande.re%201075032%20sample%20angel%20bikini%20blue_archive%20garter%20megane%20nipples%20panty_pull%20pointy_ears%20pussy%20shiromi_iori%20swimsuits%20tail%20topless%20uncensored%20z.taiga.jpg,https://files.yande.re/image/e6b5e9fa524a351e3647d423e5a334e3/yande.re%201075032%20angel%20bikini%20blue_archive%20garter%20megane%20nipples%20panty_pull%20pointy_ears%20pussy%20shiromi_iori%20swimsuits%20tail%20topless%20uncensored%20z.taiga.png
1w,1075256,https://files.yande.re/sample/3af129c52452afe336d177ee5dd5d578/yande.re%201075256%20sample%20angel%20blue_archive%20ichinose_asuna%20naked%20nipples%20o29sukizero%20pubic_hair%20pussy%20uncensored.jpg,https://files.yande.re/image/3af129c52452afe336d177ee5dd5d578/yande.re%201075256%20angel%20blue_archive%20ichinose_asuna%20naked%20nipples%20o29sukizero%20pubic_hair%20pussy%20uncensored.jpg
1w,1072040,https://files.yande.re/sample/ac3695e79de08aa76bb6514728f936ca/yande.re%201072040%20sample%20asou_%28asabu202%29%20breast_grab%20fellatio%20gangbang%20hashima_izumi%20katou_megumi%20naked%20nipples%20pantsu%20panty_pull%20penis%20pussy_juice%20seifuku%20sex%20skirt_lift.jpg,https://files.yande.re/image/ac3695e79de08aa76bb6514728f936ca/yande.re%201072040%20asou_%28asabu202%29%20breast_grab%20fellatio%20gangbang%20hashima_izumi%20katou_megumi%20naked%20nipples%20pantsu%20panty_pull%20penis%20pussy_juice%20seifuku%20sex%20skirt_lift.png
1w,1075788,https://files.yande.re/sample/f83800fd82c2c756e00e5fbe479f057e/yande.re%201075788%20sample%20dorontabi%20loli%20naked.jpg,https://files.yande.re/image/f83800fd82c2c756e00e5fbe479f057e/yande.re%201075788%20dorontabi%20loli%20naked.png
1w,1070102,https://files.yande.re/sample/9c6f9af341401d7976f11af7345d9b8a/yande.re%201070102%20sample%20breasts%20hololive%20hong_%28white_spider%29%20nipples%20no_bra%20open_shirt%20pointy_ears%20yukihana_lamy.jpg,https://files.yande.re/image/9c6f9af341401d7976f11af7345d9b8a/yande.re%201070102%20breasts%20hololive%20hong_%28white_spider%29%20nipples%20no_bra%20open_shirt%20pointy_ears%20yukihana_lamy.jpg
1w,1069964,https://files.yande.re/sample/0064e6204b55b58b284241028329e861/yande.re%201069964%20sample%20genshin_impact%20kamisato_ayaka%20nipples%20pussy%20squchan%20uncensored.jpg,https://files.yande.re/image/0064e6204b55b58b284241028329e861/yande.re%201069964%20genshin_impact%20kamisato_ayaka%20nipples%20pussy%20squchan%20uncensored.jpg
1w,1074466,https://files.yande.re/sample/b0ddf44349ea3fd1a914cd15722bba5f/yande.re%201074466%20sample%20bandaid%20breasts%20gawr_gura%20hololive%20hololive_english%20loli%20nipples%20no_bra%20open_shirt%20pantsu%20panty_pull%20seifuku%20string_panties%20tail%20thighhighs.jpg,https://files.yande.re/image/b0ddf44349ea3fd1a914cd15722bba5f/yande.re%201074466%20bandaid%20breasts%20gawr_gura%20hololive%20hololive_english%20loli%20nipples%20no_bra%20open_shirt%20pantsu%20panty_pull%20seifuku%20string_panties%20tail%20thighhighs.png
1w,1071572,https://files.yande.re/sample/0764913585d48b14b741e86d23b650ef/yande.re%201071572%20sample%20feet%20genshin_impact%20gweda%20naked%20penis%20pussy%20sangonomiya_kokomi%20sex%20uncensored.jpg,https://files.yande.re/image/0764913585d48b14b741e86d23b650ef/yande.re%201071572%20feet%20genshin_impact%20gweda%20naked%20penis%20pussy%20sangonomiya_kokomi%20sex%20uncensored.jpg
1m,1064596,https://files.yande.re/sample/6c26f358d594f45ffad9bb3064548cfd/yande.re%201064596%20sample%20genshin_impact%20keqing%20maid%20miyase_mahiro%20naked%20nipples%20sheets.jpg,https://files.yande.re/image/6c26f358d594f45ffad9bb3064548cfd/yande.re%201064596%20genshin_impact%20keqing%20maid%20miyase_mahiro%20naked%20nipples%20sheets.jpg
1m,1068112,https://files.yande.re/sample/229307624c3381d46da3c0bdd3a49597/yande.re%201068112%20sample%20anus%20bottomless%20breasts%20masturbation%20mushoku_tensei%20nipples%20no_bra%20pantsu%20panty_pull%20pussy%20pussy_juice%20roxy_migurdia%20shirt_lift%20uncensored.jpg,https://files.yande.re/image/229307624c3381d46da3c0bdd3a49597/yande.re%201068112%20anus%20bottomless%20breasts%20masturbation%20mushoku_tensei%20nipples%20no_bra%20pantsu%20panty_pull%20pussy%20pussy_juice%20roxy_migurdia%20shirt_lift%20uncensored.png
1m,1069433,https://files.yande.re/sample/fc8a534f7128b00aca5659f7638770bc/yande.re%201069433%20sample%20anus%20bottomless%20breasts%20feet%20garter%20genshin_impact%20haku89%20horns%20nilou%20nipples%20no_bra%20pussy%20uncensored.jpg,https://files.yande.re/image/fc8a534f7128b00aca5659f7638770bc/yande.re%201069433%20anus%20bottomless%20breasts%20feet%20garter%20genshin_impact%20haku89%20horns%20nilou%20nipples%20no_bra%20pussy%20uncensored.jpg
1m,1073276,https://files.yande.re/sample/c9bf0621a5e53418a397ec3324cb1d62/yande.re%201073276%20sample%20argus_%28azur_lane%29%20azur_lane%20classic_%28zildjian33%29%20pantsu%20panty_pull%20pussy%20pussy_juice%20seifuku%20skirt_lift%20undressing.jpg,https://files.yande.re/image/c9bf0621a5e53418a397ec3324cb1d62/yande.re%201073276%20argus_%28azur_lane%29%20azur_lane%20classic_%28zildjian33%29%20pantsu%20panty_pull%20pussy%20pussy_juice%20seifuku%20skirt_lift%20undressing.jpg
1m,1069702,https://files.yande.re/sample/d9d2647c1e946c90c64b832a96d289f1/yande.re%201069702%20sample%20anus%20areola%20bottomless%20nipples%20no_bra%20pussy%20re%3Ashimashima%20see_through%20uncensored.jpg,https://files.yande.re/image/d9d2647c1e946c90c64b832a96d289f1/yande.re%201069702%20anus%20areola%20bottomless%20nipples%20no_bra%20pussy%20re%3Ashimashima%20see_through%20uncensored.jpg
1m,1072347,https://files.yande.re/sample/1c60e419f722ddc9935c2154bf42ad2a/yande.re%201072347%20sample%20gin00%20mayuzumi_fuyuko%20naked%20nipples%20pussy%20the_idolm%40ster%20the_idolm%40ster_shiny_colors%20uncensored.jpg,https://files.yande.re/image/1c60e419f722ddc9935c2154bf42ad2a/yande.re%201072347%20gin00%20mayuzumi_fuyuko%20naked%20nipples%20pussy%20the_idolm%40ster%20the_idolm%40ster_shiny_colors%20uncensored.jpg
1m,1071851,https://files.yande.re/sample/babb78e296fb4b918473c6b3f072fc0a/yande.re%201071851%20sample%20anus%20ass%20feet%20garter%20genshin_impact%20haku89%20layla_%28genshin_impact%29%20nipples%20nopan%20pantyhose%20pointy_ears%20pussy%20topless%20uncensored.jpg,https://files.yande.re/image/babb78e296fb4b918473c6b3f072fc0a/yande.re%201071851%20anus%20ass%20feet%20garter%20genshin_impact%20haku89%20layla_%28genshin_impact%29%20nipples%20nopan%20pantyhose%20pointy_ears%20pussy%20topless%20uncensored.jpg
1m,1063548,https://files.yande.re/sample/c6a165c756558205b4570dbfb7bd06bc/yande.re%201063548%20sample%20breasts%20dress_shirt%20marinesnow%20mayuzumi_fuyuko%20nipples%20no_bra%20open_shirt%20pantsu%20the_idolm%40ster%20the_idolm%40ster_shiny_colors%20undressing.jpg,https://files.yande.re/image/c6a165c756558205b4570dbfb7bd06bc/yande.re%201063548%20breasts%20dress_shirt%20marinesnow%20mayuzumi_fuyuko%20nipples%20no_bra%20open_shirt%20pantsu%20the_idolm%40ster%20the_idolm%40ster_shiny_colors%20undressing.png
1m,1072210,https://files.yande.re/sample/4dc19f7fae85b75750faa6c658cb7f51/yande.re%201072210%20sample%20angel%20arona_%28blue_archive%29%20blue_archive%20detexted%20feet%20hokori_sakuni%20loli%20naked%20nipples%20photoshop%20plana_%28blue_archive%29%20pussy%20umbrella%20uncensored.jpg,https://files.yande.re/image/4dc19f7fae85b75750faa6c658cb7f51/yande.re%201072210%20angel%20arona_%28blue_archive%29%20blue_archive%20detexted%20feet%20hokori_sakuni%20loli%20naked%20nipples%20photoshop%20plana_%28blue_archive%29%20pussy%20umbrella%20uncensored.png
1m,1072348,https://files.yande.re/sample/c8796ba57078280e41ae5e0cc21ddba9/yande.re%201072348%20sample%20gin00%20kazano_hiori%20naked%20nipples%20pussy%20the_idolm%40ster%20uncensored.jpg,https://files.yande.re/image/c8796ba57078280e41ae5e0cc21ddba9/yande.re%201072348%20gin00%20kazano_hiori%20naked%20nipples%20pussy%20the_idolm%40ster%20uncensored.jpg
1m,1068688,https://files.yande.re/sample/e2d6c8166837984d761d2e59bd3602aa/yande.re%201068688%20sample%20ass%20genshin_impact%20houkiboshi_%28mmjw7432%29%20kamisato_ayaka%20leotard%20lumine%20nipples%20pussy%20see_through%20seifuku%20thighhighs%20uncensored%20undressing.jpg,https://files.yande.re/image/e2d6c8166837984d761d2e59bd3602aa/yande.re%201068688%20ass%20genshin_impact%20houkiboshi_%28mmjw7432%29%20kamisato_ayaka%20leotard%20lumine%20nipples%20pussy%20see_through%20seifuku%20thighhighs%20uncensored%20undressing.jpg
1m,1072182,https://files.yande.re/sample/64a1bfae6e3d7cc0ba6a51da4850f8b6/yande.re%201072182%20sample%20angel%20arona_%28blue_archive%29%20blue_archive%20censored%20feet%20hokori_sakuni%20loli%20naked%20nipples%20plana_%28blue_archive%29%20pussy%20umbrella.jpg,https://files.yande.re/image/64a1bfae6e3d7cc0ba6a51da4850f8b6/yande.re%201072182%20angel%20arona_%28blue_archive%29%20blue_archive%20censored%20feet%20hokori_sakuni%20loli%20naked%20nipples%20plana_%28blue_archive%29%20pussy%20umbrella.jpg
1m,1070677,https://files.yande.re/sample/507685007a1098b6f4a9a428db59b90f/yande.re%201070677%20sample%20genshin_impact%20houkiboshi_%28mmjw7432%29%20kamisato_ayaka%20no_bra%20pantyhose%20see_through.jpg,https://files.yande.re/image/507685007a1098b6f4a9a428db59b90f/yande.re%201070677%20genshin_impact%20houkiboshi_%28mmjw7432%29%20kamisato_ayaka%20no_bra%20pantyhose%20see_through.jpg
1m,1072153,https://files.yande.re/sample/9ac7b9534536de6c63115738182d4c24/yande.re%201072153%20sample%20angel%20arona_%28blue_archive%29%20blue_archive%20hokori_sakuni%20loli%20pantsu%20pantyhose%20plana_%28blue_archive%29%20see_through%20seifuku%20skirt_lift%20umbrella.jpg,https://files.yande.re/image/9ac7b9534536de6c63115738182d4c24/yande.re%201072153%20angel%20arona_%28blue_archive%29%20blue_archive%20hokori_sakuni%20loli%20pantsu%20pantyhose%20plana_%28blue_archive%29%20see_through%20seifuku%20skirt_lift%20umbrella.jpg
1m,1066145,https://files.yande.re/sample/f8475ef4ef9e15a1f9b4b0d59ec9d737/yande.re%201066145%20sample%20breasts%20faruzan%20feet%20garter%20genshin_impact%20misako%20nipples%20no_bra%20nopan%20pussy%20see_through%20skirt_lift%20uncensored.jpg,https://files.yande.re/image/f8475ef4ef9e15a1f9b4b0d59ec9d737/yande.re%201066145%20breasts%20faruzan%20feet%20garter%20genshin_impact%20misako%20nipples%20no_bra%20nopan%20pussy%20see_through%20skirt_lift%20uncensored.png
1m,1075840,https://files.yande.re/sample/8a54358746f13386cb41d16e17d2dbfd/yande.re%201075840%20sample%20bikini%20bottomless%20breasts%20emori_el%20emori_miku%20emori_miku_project%20nijihashi_sora%20nipples%20no_bra%20open_shirt%20pussy%20swimsuits%20uncensored%20wet.jpg,https://files.yande.re/image/8a54358746f13386cb41d16e17d2dbfd/yande.re%201075840%20bikini%20bottomless%20breasts%20emori_el%20emori_miku%20emori_miku_project%20nijihashi_sora%20nipples%20no_bra%20open_shirt%20pussy%20swimsuits%20uncensored%20wet.jpg
1m,1064580,https://files.yande.re/sample/d1898a699cbd7a5f34135fb2f4691eee/yande.re%201064580%20sample%20akino_ell%20animal_ears%20naked%20neko%20nekomimi%20nipples%20tail.jpg,https://files.yande.re/image/d1898a699cbd7a5f34135fb2f4691eee/yande.re%201064580%20akino_ell%20animal_ears%20naked%20neko%20nekomimi%20nipples%20tail.jpg
1m,1072522,https://files.yande.re/sample/d9ca18f1eb460e3171d31de53e4c182f/yande.re%201072522%20sample%20anus%20ass%20ass_grab%20ganyu%20genshin_impact%20naked%20pussy%20thighhighs%20uncensored%20yosola_pl.jpg,https://files.yande.re/image/d9ca18f1eb460e3171d31de53e4c182f/yande.re%201072522%20anus%20ass%20ass_grab%20ganyu%20genshin_impact%20naked%20pussy%20thighhighs%20uncensored%20yosola_pl.jpg
1m,1065530,https://files.yande.re/sample/5b6cbe4b7e5ec631ecad95379a3562ed/yande.re%201065530%20sample%20anus%20ass%20bottomless%20feet%20genshin_impact%20loli%20nahida%20pointy_ears%20pussy%20shironora%20uncensored.jpg,https://files.yande.re/image/5b6cbe4b7e5ec631ecad95379a3562ed/yande.re%201065530%20anus%20ass%20bottomless%20feet%20genshin_impact%20loli%20nahida%20pointy_ears%20pussy%20shironora%20uncensored.png
1m,1069797,https://files.yande.re/sample/f859f517862290d6bc2a71e36d916e1c/yande.re%201069797%20sample%20animal_ears%20anus%20ass%20azur_lane%20breasts%20bunny_ears%20loli%20nipples%20no_bra%20nopan%20pussy%20qian_hen%20skirt_lift%20stockings%20thighhighs%20uncensored.jpg,https://files.yande.re/image/f859f517862290d6bc2a71e36d916e1c/yande.re%201069797%20animal_ears%20anus%20ass%20azur_lane%20breasts%20bunny_ears%20loli%20nipples%20no_bra%20nopan%20pussy%20qian_hen%20skirt_lift%20stockings%20thighhighs%20uncensored.png
1m,1070374,https://files.yande.re/sample/e2f7f71f763c05e0aa6b6244409c9dc7/yande.re%201070374%20sample%20angel%20animal_ears%20asian_clothes%20blue_archive%20chinadress%20loli%20nekomimi%20nopan%20pussy%20skirt_lift%20sunohara_kokona%20sunohara_shun%20thighhighs%20uncensored.jpg,https://files.yande.re/image/e2f7f71f763c05e0aa6b6244409c9dc7/yande.re%201070374%20angel%20animal_ears%20asian_clothes%20blue_archive%20chinadress%20loli%20nekomimi%20nopan%20pussy%20skirt_lift%20sunohara_kokona%20sunohara_shun%20thighhighs%20uncensored.png
1m,1071451,https://files.yande.re/sample/97955b7834d105bbb47c0112a8c48c13/yande.re%201071451%20sample%20breast_hold%20ganyu%20genshin_impact%20horns%20meisansan%20naked%20nipples%20thighhighs%20wet.jpg,https://files.yande.re/image/97955b7834d105bbb47c0112a8c48c13/yande.re%201071451%20breast_hold%20ganyu%20genshin_impact%20horns%20meisansan%20naked%20nipples%20thighhighs%20wet.jpg
1m,1072743,https://files.yande.re/sample/34d7d44410b480c932b2950600b58038/yande.re%201072743%20sample%20angel%20blue_archive%20breasts%20cameltoe%20hagi_%28ame_hagi%29%20nipples%20no_bra%20open_shirt%20pantsu%20pantyhose%20ushio_noa.jpg,https://files.yande.re/image/34d7d44410b480c932b2950600b58038/yande.re%201072743%20angel%20blue_archive%20breasts%20cameltoe%20hagi_%28ame_hagi%29%20nipples%20no_bra%20open_shirt%20pantsu%20pantyhose%20ushio_noa.png
1m,1074976,https://files.yande.re/sample/455d50b0ebaf6979ff56e169483f5b09/yande.re%201074976%20sample%20areola%20bikini%20erect_nipples%20ichigo_%28mignon%29%20mignon%20nipples%20photoshop%20see_through%20shiro_%28mignon%29%20swimsuits%20topless%20wet%20wet_clothes%20yuri.jpg,https://files.yande.re/image/455d50b0ebaf6979ff56e169483f5b09/yande.re%201074976%20areola%20bikini%20erect_nipples%20ichigo_%28mignon%29%20mignon%20nipples%20photoshop%20see_through%20shiro_%28mignon%29%20swimsuits%20topless%20wet%20wet_clothes%20yuri.png
1m,1061631,https://files.yande.re/sample/6e1d19e55fbed332b433121384ae6850/yande.re%201061631%20sample%20bottomless%20breasts%20corset%20echocalypse%20fukuro_ko_%28greentea%29%20horns%20levia_%28echocalypse%29%20nipples%20no_bra%20pussy%20uncensored.jpg,https://files.yande.re/image/6e1d19e55fbed332b433121384ae6850/yande.re%201061631%20bottomless%20breasts%20corset%20echocalypse%20fukuro_ko_%28greentea%29%20horns%20levia_%28echocalypse%29%20nipples%20no_bra%20pussy%20uncensored.jpg
1m,1070680,https://files.yande.re/sample/a4d3f8e5e0da93c1944252ea01c39896/yande.re%201070680%20sample%20bottomless%20breasts%20genshin_impact%20houkiboshi_%28mmjw7432%29%20kamisato_ayaka%20nipples%20no_bra.jpg,https://files.yande.re/image/a4d3f8e5e0da93c1944252ea01c39896/yande.re%201070680%20bottomless%20breasts%20genshin_impact%20houkiboshi_%28mmjw7432%29%20kamisato_ayaka%20nipples%20no_bra.jpg
1m,1073644,https://files.yande.re/sample/52fdbbd08bdd51310e6250e08dff1f6e/yande.re%201073644%20sample%20angel%20arona_%28blue_archive%29%20blue_archive%20loli%20naked%20nipples%20plana_%28blue_archive%29%20pussy%20tokenbox%20uncensored.jpg,https://files.yande.re/image/52fdbbd08bdd51310e6250e08dff1f6e/yande.re%201073644%20angel%20arona_%28blue_archive%29%20blue_archive%20loli%20naked%20nipples%20plana_%28blue_archive%29%20pussy%20tokenbox%20uncensored.png
1m,1072334,https://files.yande.re/sample/6eabf39e7dfe3667219952868789555d/yande.re%201072334%20sample%20bikini_top%20bottomless%20breasts%20garter%20gin00%20nipples%20pussy%20swimsuits%20the_idolm%40ster%20the_idolm%40ster_shiny_colors%20uncensored%20yuukoku_kiriko.jpg,https://files.yande.re/image/6eabf39e7dfe3667219952868789555d/yande.re%201072334%20bikini_top%20bottomless%20breasts%20garter%20gin00%20nipples%20pussy%20swimsuits%20the_idolm%40ster%20the_idolm%40ster_shiny_colors%20uncensored%20yuukoku_kiriko.jpg
1m,1071635,https://files.yande.re/sample/a0863f68be1b85e36af62e5631c836df/yande.re%201071635%20sample%20angel%20asagi_mutsuki%20blue_archive%20breasts%20cameltoe%20cream%20goldowl%20loli%20nipples%20pointy_ears%20swimsuits.jpg,https://files.yande.re/image/a0863f68be1b85e36af62e5631c836df/yande.re%201071635%20angel%20asagi_mutsuki%20blue_archive%20breasts%20cameltoe%20cream%20goldowl%20loli%20nipples%20pointy_ears%20swimsuits.png
1m,1072341,https://files.yande.re/sample/34585088ad649fb8e71207a3dfc1972d/yande.re%201072341%20sample%20angel%20anus%20blue_archive%20gin00%20kisaki_%28blue_archive%29%20naked%20nipples%20pussy%20uncensored.jpg,https://files.yande.re/image/34585088ad649fb8e71207a3dfc1972d/yande.re%201072341%20angel%20anus%20blue_archive%20gin00%20kisaki_%28blue_archive%29%20naked%20nipples%20pussy%20uncensored.jpg
1m,1065357,https://files.yande.re/sample/a37bcf7bf08b3581da43f93da2af458a/yande.re%201065357%20sample%20asou_%28asabu202%29%20inoue_takina%20lycoris_recoil%20naked%20nipples%20nishikigi_chisato%20pantsu%20panty_pull%20penis%20pussy%20pussy_juice%20sex%20uncensored%20wet%20yuri.jpg,https://files.yande.re/image/a37bcf7bf08b3581da43f93da2af458a/yande.re%201065357%20asou_%28asabu202%29%20inoue_takina%20lycoris_recoil%20naked%20nipples%20nishikigi_chisato%20pantsu%20panty_pull%20penis%20pussy%20pussy_juice%20sex%20uncensored%20wet%20yuri.png
1m,1064130,https://files.yande.re/sample/8a095a5d4de638ed0366c02712fb73fd/yande.re%201064130%20sample%20higuchi_madoka%20hong_%28white_spider%29%20naked%20nipples%20pussy%20the_idolm%40ster%20the_idolm%40ster_shiny_colors%20uncensored.jpg,https://files.yande.re/image/8a095a5d4de638ed0366c02712fb73fd/yande.re%201064130%20higuchi_madoka%20hong_%28white_spider%29%20naked%20nipples%20pussy%20the_idolm%40ster%20the_idolm%40ster_shiny_colors%20uncensored.png
1m,1067683,https://files.yande.re/sample/1a96ced31372b85d3891924ad65faf00/yande.re%201067683%20sample%20ass%20chen_bin%20nopan%20pantyhose%20see_through%20seifuku%20skirt_lift%20wallpaper.jpg,https://files.yande.re/image/1a96ced31372b85d3891924ad65faf00/yande.re%201067683%20ass%20chen_bin%20nopan%20pantyhose%20see_through%20seifuku%20skirt_lift%20wallpaper.png
1m,1069177,https://files.yande.re/sample/6ef0cb23c073754dc44dbd1677e12f2c/yande.re%201069177%20sample%20elf%20heels%20naked%20nipples%20pointy_ears%20pussy%20sora_72-iro%20uncensored.jpg,https://files.yande.re/image/6ef0cb23c073754dc44dbd1677e12f2c/yande.re%201069177%20elf%20heels%20naked%20nipples%20pointy_ears%20pussy%20sora_72-iro%20uncensored.png
1m,1072939,https://files.yande.re/sample/8ff293fefa10966c96ae40e2137d453f/yande.re%201072939%20sample%2072_chiri%20naked%20nipples%20pussy%20uncensored.jpg,https://files.yande.re/image/8ff293fefa10966c96ae40e2137d453f/yande.re%201072939%2072_chiri%20naked%20nipples%20pussy%20uncensored.png
1m,1067633,https://files.yande.re/sample/3e55b89d43a84a9f9e2764534baa8ed8/yande.re%201067633%20sample%20angel%20animal_ears%20blue_archive%20buruma%20feet%20fellatio%20footjob%20gym_uniform%20iochi_mari%20loli%20naked%20nipples%20penis%20pussy%20pussy_juice%20sex%20uncensored.jpg,https://files.yande.re/image/3e55b89d43a84a9f9e2764534baa8ed8/yande.re%201067633%20angel%20animal_ears%20blue_archive%20buruma%20feet%20fellatio%20footjob%20gym_uniform%20iochi_mari%20loli%20naked%20nipples%20penis%20pussy%20pussy_juice%20sex%20uncensored.png
1m,1075397,https://files.yande.re/sample/f439fc808d0fcde1adb6893a71c25fff/yande.re%201075397%20sample%20breasts%20gym_uniform%20kurasawa_moko%20nipples%20no_bra%20nopan%20pussy%20shirt_lift%20uncensored%20wet.jpg,https://files.yande.re/image/f439fc808d0fcde1adb6893a71c25fff/yande.re%201075397%20breasts%20gym_uniform%20kurasawa_moko%20nipples%20no_bra%20nopan%20pussy%20shirt_lift%20uncensored%20wet.jpg
1m,1071781,https://files.yande.re/sample/44a06283300cba5bd0c156c8a01375fa/yande.re%201071781%20sample%20bottomless%20breasts%20genshin_impact%20houkiboshi_%28mmjw7432%29%20kamisato_ayaka%20nipples%20no_bra%20photoshop.jpg,https://files.yande.re/image/44a06283300cba5bd0c156c8a01375fa/yande.re%201071781%20bottomless%20breasts%20genshin_impact%20houkiboshi_%28mmjw7432%29%20kamisato_ayaka%20nipples%20no_bra%20photoshop.jpg
1m,1072190,https://files.yande.re/sample/3bdc90473e6c6e58f64c301a3e42f151/yande.re%201072190%20sample%20angel%20arona_%28blue_archive%29%20blue_archive%20censored%20feet%20hokori_sakuni%20loli%20nipples%20plana_%28blue_archive%29%20pussy%20pussy_juice%20thong%20topless%20umbrella.jpg,https://files.yande.re/image/3bdc90473e6c6e58f64c301a3e42f151/yande.re%201072190%20angel%20arona_%28blue_archive%29%20blue_archive%20censored%20feet%20hokori_sakuni%20loli%20nipples%20plana_%28blue_archive%29%20pussy%20pussy_juice%20thong%20topless%20umbrella.jpg
1m,1072337,https://files.yande.re/sample/916b9f7f4b22e3fbba914304cfdc5484/yande.re%201072337%20sample%20anus%20gin00%20mayuzumi_fuyuko%20naked%20nipples%20no_bra%20nopan%20pussy%20seifuku%20shirt_lift%20the_idolm%40ster%20the_idolm%40ster_shiny_colors%20uncensored%20undressing.jpg,https://files.yande.re/image/916b9f7f4b22e3fbba914304cfdc5484/yande.re%201072337%20anus%20gin00%20mayuzumi_fuyuko%20naked%20nipples%20no_bra%20nopan%20pussy%20seifuku%20shirt_lift%20the_idolm%40ster%20the_idolm%40ster_shiny_colors%20uncensored%20undressing.jpg
1y,980706,https://files.yande.re/sample/25dd84796368e89f289ee8fec755e10a/yande.re%20980706%20sample%20anus%20ass%20cum%20detexted%20mignon%20naked%20nipples%20photoshop%20pussy%20sarah_%28mignon%29%20uncensored.jpg,https://files.yande.re/image/25dd84796368e89f289ee8fec755e10a/yande.re%20980706%20anus%20ass%20cum%20detexted%20mignon%20naked%20nipples%20photoshop%20pussy%20sarah_%28mignon%29%20uncensored.png
1y,1038919,https://files.yande.re/sample/0d515c332c685e2127375843088310ef/yande.re%201038919%20sample%20anus%20cum%20detexted%20feet%20ichigo_%28mignon%29%20mignon%20naked%20nipples%20photoshop%20pussy%20pussy_juice%20uncensored.jpg,https://files.yande.re/image/0d515c332c685e2127375843088310ef/yande.re%201038919%20anus%20cum%20detexted%20feet%20ichigo_%28mignon%29%20mignon%20naked%20nipples%20photoshop%20pussy%20pussy_juice%20uncensored.png
1y,1007800,https://files.yande.re/sample/0b58131fd2e544c7cad3017b1af09e23/yande.re%201007800%20sample%20genshin_impact%20houkiboshi_%28mmjw7432%29%20kamisato_ayaka%20naked%20nipple_slip.jpg,https://files.yande.re/image/0b58131fd2e544c7cad3017b1af09e23/yande.re%201007800%20genshin_impact%20houkiboshi_%28mmjw7432%29%20kamisato_ayaka%20naked%20nipple_slip.jpg
1y,960059,https://files.yande.re/sample/f29d1d5a5b28055de20c8445fbccd41c/yande.re%20960059%20sample%20ass_grab%20bondage%20cum%20dress%20feet%20fellatio%20footjob%20gangbang%20gothic_lolita%20handjob%20loli%20no_bra%20penis%20pussy%20sex%20shimada_arisu%20thighhighs%20tokinohimitsu.jpg,https://files.yande.re/image/f29d1d5a5b28055de20c8445fbccd41c/yande.re%20960059%20ass_grab%20bondage%20cum%20dress%20feet%20fellatio%20footjob%20gangbang%20gothic_lolita%20handjob%20loli%20no_bra%20penis%20pussy%20sex%20shimada_arisu%20thighhighs%20tokinohimitsu.jpg
1y,968119,https://files.yande.re/sample/9e4dcbb260fc1a919e6ad17486a1ceb7/yande.re%20968119%20sample%20dress%20mignon%20nipples%20no_bra%20nopan%20photoshop%20pussy%20pussy_juice%20see_through%20skirt_lift%20summer_dress%20uncensored%20wet%20wet_clothes.jpg,https://files.yande.re/image/9e4dcbb260fc1a919e6ad17486a1ceb7/yande.re%20968119%20dress%20mignon%20nipples%20no_bra%20nopan%20photoshop%20pussy%20pussy_juice%20see_through%20skirt_lift%20summer_dress%20uncensored%20wet%20wet_clothes.png
1y,1045454,https://files.yande.re/sample/6f6cdccb05621d09c34ea3476a543e94/yande.re%201045454%20sample%20ame_%28mignon%29%20dakimakura%20mignon%20naked%20nipples%20photoshop%20pussy%20pussy_juice%20see_through%20swimsuits%20uncensored%20wet%20wet_clothes.jpg,https://files.yande.re/image/6f6cdccb05621d09c34ea3476a543e94/yande.re%201045454%20ame_%28mignon%29%20dakimakura%20mignon%20naked%20nipples%20photoshop%20pussy%20pussy_juice%20see_through%20swimsuits%20uncensored%20wet%20wet_clothes.png
1y,1013215,https://files.yande.re/sample/9b17d6e2695afb81deaf8c5e67887e88/yande.re%201013215%20sample%20areola%20bikini%20erect_nipples%20ichigo_%28mignon%29%20mignon%20nipples%20see_through%20shiro_%28mignon%29%20swimsuits%20topless%20wet%20wet_clothes%20yuri.jpg,https://files.yande.re/image/9b17d6e2695afb81deaf8c5e67887e88/yande.re%201013215%20areola%20bikini%20erect_nipples%20ichigo_%28mignon%29%20mignon%20nipples%20see_through%20shiro_%28mignon%29%20swimsuits%20topless%20wet%20wet_clothes%20yuri.png
1y,1002301,https://files.yande.re/sample/7be244126d4442e0f46d5f9f700ef87e/yande.re%201002301%20sample%20dress%20emori_miku%20emori_miku_project%20fairy%20masuishi_kinoto%20no_bra%20see_through%20skirt_lift%20summer_dress%20wings.jpg,https://files.yande.re/image/7be244126d4442e0f46d5f9f700ef87e/yande.re%201002301%20dress%20emori_miku%20emori_miku_project%20fairy%20masuishi_kinoto%20no_bra%20see_through%20skirt_lift%20summer_dress%20wings.jpg
1y,960242,https://files.yande.re/sample/73b034608a996f426f2c61a2b974bc3c/yande.re%20960242%20sample%20barbara_%28genshin_impact%29%20bra%20breasts%20genshin_impact%20houkiboshi_%28mmjw7432%29%20nipples%20open_shirt%20pantsu%20pantyhose%20see_through.jpg,https://files.yande.re/image/73b034608a996f426f2c61a2b974bc3c/yande.re%20960242%20barbara_%28genshin_impact%29%20bra%20breasts%20genshin_impact%20houkiboshi_%28mmjw7432%29%20nipples%20open_shirt%20pantsu%20pantyhose%20see_through.jpg
1y,993542,https://files.yande.re/sample/2d1d7275935eaa20ca804da281b74d35/yande.re%20993542%20sample%20anus%20asou_%28asabu202%29%20ass%20iino_miko%20pantsu%20panty_pull%20pantyhose%20pussy%20pussy_juice%20seifuku%20skirt_lift%20uncensored%20wet.jpg,https://files.yande.re/image/2d1d7275935eaa20ca804da281b74d35/yande.re%20993542%20anus%20asou_%28asabu202%29%20ass%20iino_miko%20pantsu%20panty_pull%20pantyhose%20pussy%20pussy_juice%20seifuku%20skirt_lift%20uncensored%20wet.png
1y,968802,https://files.yande.re/sample/1e307d99fdab180928eea90a1c647bc6/yande.re%20968802%20sample%20nipples%20nopan%20pantyhose%20photoshop%20ryuuou_no_oshigoto%21%20shirabi%20sora_ginko%20topless%20undressing.jpg,https://files.yande.re/image/1e307d99fdab180928eea90a1c647bc6/yande.re%20968802%20nipples%20nopan%20pantyhose%20photoshop%20ryuuou_no_oshigoto%21%20shirabi%20sora_ginko%20topless%20undressing.jpg
1y,1019843,https://files.yande.re/sample/fb7affa04e530fbd4843df6a2f2f8545/yande.re%201019843%20sample%20anus%20ass%20bra%20breasts%20miyase_mahiro%20nipples%20nopan%20open_shirt%20photoshop%20pussy%20pussy_juice%20skirt_lift%20thighhighs%20uncensored.jpg,https://files.yande.re/image/fb7affa04e530fbd4843df6a2f2f8545/yande.re%201019843%20anus%20ass%20bra%20breasts%20miyase_mahiro%20nipples%20nopan%20open_shirt%20photoshop%20pussy%20pussy_juice%20skirt_lift%20thighhighs%20uncensored.png
1y,1014176,https://files.yande.re/sample/93b1a1f76c8bc75453b0b35ecf20acd1/yande.re%201014176%20sample%20bathing%20cum%20detexted%20feet%20mignon%20naked%20nipples%20pussy%20pussy_juice%20shiro_%28mignon%29%20wet.jpg,https://files.yande.re/image/93b1a1f76c8bc75453b0b35ecf20acd1/yande.re%201014176%20bathing%20cum%20detexted%20feet%20mignon%20naked%20nipples%20pussy%20pussy_juice%20shiro_%28mignon%29%20wet.png
1y,976520,https://files.yande.re/sample/5596c364f14331126a91e8c9b9001d1f/yande.re%20976520%20sample%20anus%20ass%20niliu_chahui%20nopan%20pantsu%20panty_pull%20pantyhose%20pussy%20seifuku%20skirt_lift%20thighhighs%20tokisaki_asaba%20tokisaki_mio%20uncensored.jpg,https://files.yande.re/image/5596c364f14331126a91e8c9b9001d1f/yande.re%20976520%20anus%20ass%20niliu_chahui%20nopan%20pantsu%20panty_pull%20pantyhose%20pussy%20seifuku%20skirt_lift%20thighhighs%20tokisaki_asaba%20tokisaki_mio%20uncensored.png
1y,1022252,https://files.yande.re/sample/9aec31e5b7095ab5d0de7d9da8324ef5/yande.re%201022252%20sample%20breasts%20cameltoe%20feet%20lingerie%20loli%20nipples%20no_bra%20pantsu%20re%3Ashimashima%20see_through%20wet%20wet_clothes.jpg,https://files.yande.re/image/9aec31e5b7095ab5d0de7d9da8324ef5/yande.re%201022252%20breasts%20cameltoe%20feet%20lingerie%20loli%20nipples%20no_bra%20pantsu%20re%3Ashimashima%20see_through%20wet%20wet_clothes.jpg
1y,1010967,https://files.yande.re/sample/5bf0865ecde5c45bbc94cf3b2ccd3f0f/yande.re%201010967%20sample%20bottomless%20breasts%20mignon%20nipples%20no_bra%20open_shirt%20see_through%20wet%20wet_clothes.jpg,https://files.yande.re/image/5bf0865ecde5c45bbc94cf3b2ccd3f0f/yande.re%201010967%20bottomless%20breasts%20mignon%20nipples%20no_bra%20open_shirt%20see_through%20wet%20wet_clothes.png
1y,957597,https://files.yande.re/sample/1c0cfc1abb0caa6b114e238a91f452a5/yande.re%20957597%20sample%20angel%20animal_ears%20blue_archive%20bunny_ears%20chen_bin%20feet%20gun%20kasumizawa_miyu%20loli%20pantsu%20pantyhose%20seifuku%20shirt_lift%20wallpaper.jpg,https://files.yande.re/image/1c0cfc1abb0caa6b114e238a91f452a5/yande.re%20957597%20angel%20animal_ears%20blue_archive%20bunny_ears%20chen_bin%20feet%20gun%20kasumizawa_miyu%20loli%20pantsu%20pantyhose%20seifuku%20shirt_lift%20wallpaper.jpg
1y,1019324,https://files.yande.re/sample/618298f5b9cb0fb2add3c01525fb69e3/yande.re%201019324%20sample%20garter_belt%20mignon%20nipples%20pantsu%20sarah_%28mignon%29%20stockings%20thighhighs%20topless.jpg,https://files.yande.re/image/618298f5b9cb0fb2add3c01525fb69e3/yande.re%201019324%20garter_belt%20mignon%20nipples%20pantsu%20sarah_%28mignon%29%20stockings%20thighhighs%20topless.png
1y,982708,https://files.yande.re/sample/d3950275fac614a99be6142059d07a27/yande.re%20982708%20sample%20cosplay%20fate_kaleid_liner_prisma_illya%20fate_stay_night%20haishiki%20illyasviel_von_einzbern%20loli%20naked%20nipples%20weapon.jpg,https://files.yande.re/image/d3950275fac614a99be6142059d07a27/yande.re%20982708%20cosplay%20fate_kaleid_liner_prisma_illya%20fate_stay_night%20haishiki%20illyasviel_von_einzbern%20loli%20naked%20nipples%20weapon.png
1y,1007802,https://files.yande.re/sample/547ebe40d8c201a931054f22f2676930/yande.re%201007802%20sample%20bikini%20genshin_impact%20houkiboshi_%28mmjw7432%29%20kamisato_ayaka%20swimsuits.jpg,https://files.yande.re/image/547ebe40d8c201a931054f22f2676930/yande.re%201007802%20bikini%20genshin_impact%20houkiboshi_%28mmjw7432%29%20kamisato_ayaka%20swimsuits.jpg
1y,948920,https://files.yande.re/sample/f473b90570d11f6ed86e1f1462abeafc/yande.re%20948920%20sample%20breast_hold%20cream%20feet%20kurasawa_moko%20naked%20nipples%20valentine.jpg,https://files.yande.re/image/f473b90570d11f6ed86e1f1462abeafc/yande.re%20948920%20breast_hold%20cream%20feet%20kurasawa_moko%20naked%20nipples%20valentine.jpg
1y,921328,https://files.yande.re/sample/49b7a0d83e85ac679a8e2ffbe391b457/yande.re%20921328%20sample%20bottomless%20fukumaru_koito%20gin00%20naked%20nipples%20pussy%20the_idolm%40ster%20the_idolm%40ster_shiny_colors%20uncensored%20wet.jpg,https://files.yande.re/image/49b7a0d83e85ac679a8e2ffbe391b457/yande.re%20921328%20bottomless%20fukumaru_koito%20gin00%20naked%20nipples%20pussy%20the_idolm%40ster%20the_idolm%40ster_shiny_colors%20uncensored%20wet.jpg
1y,1015683,https://files.yande.re/sample/1689c82e1103d753a43c814bd82a49f7/yande.re%201015683%20sample%20breasts%20detexted%20melonbooks%20mignon%20nipples%20no_bra%20nopan%20open_shirt%20pantyhose%20photoshop%20pussy%20sweater%20uncensored.jpg,https://files.yande.re/image/1689c82e1103d753a43c814bd82a49f7/yande.re%201015683%20breasts%20detexted%20melonbooks%20mignon%20nipples%20no_bra%20nopan%20open_shirt%20pantyhose%20photoshop%20pussy%20sweater%20uncensored.png
1y,954272,https://files.yande.re/sample/5cbc38544d660d6329b444e8f7ab0329/yande.re%20954272%20sample%20bathing%20censored%20cream%20kat_%28bu-kunn%29%20naked%20nipples%20wet.jpg,https://files.yande.re/image/5cbc38544d660d6329b444e8f7ab0329/yande.re%20954272%20bathing%20censored%20cream%20kat_%28bu-kunn%29%20naked%20nipples%20wet.png
1y,1014042,https://files.yande.re/sample/e1093ef7e9d7a50e17b75c317862d21b/yande.re%201014042%20sample%20anus%20artist_revision%20asou_%28asabu202%29%20ass%20iino_miko%20pantsu%20panty_pull%20pantyhose%20pussy%20pussy_juice%20seifuku%20skirt_lift%20uncensored%20wet.jpg,https://files.yande.re/image/e1093ef7e9d7a50e17b75c317862d21b/yande.re%201014042%20anus%20artist_revision%20asou_%28asabu202%29%20ass%20iino_miko%20pantsu%20panty_pull%20pantyhose%20pussy%20pussy_juice%20seifuku%20skirt_lift%20uncensored%20wet.png
1y,960602,https://files.yande.re/sample/785c54f8ac06c3515ed4e2c464bd9789/yande.re%20960602%20sample%20animal_ears%20bottomless%20breasts%20dress_shirt%20garter%20kitsune%20naked%20nipples%20no_bra%20open_shirt%20pussy%20raiden_shogun%20see_through%20sora_72-iro%20wet%20yae_miko.jpg,https://files.yande.re/image/785c54f8ac06c3515ed4e2c464bd9789/yande.re%20960602%20animal_ears%20bottomless%20breasts%20dress_shirt%20garter%20kitsune%20naked%20nipples%20no_bra%20open_shirt%20pussy%20raiden_shogun%20see_through%20sora_72-iro%20wet%20yae_miko.png
1y,1052653,https://files.yande.re/sample/61901f145b1f72b2607dbaefbe85dedc/yande.re%201052653%20sample%20ame_%28mignon%29%20ichigo_%28mignon%29%20mignon%20naked%20nipples%20photoshop%20pussy%20uncensored%20wet.jpg,https://files.yande.re/image/61901f145b1f72b2607dbaefbe85dedc/yande.re%201052653%20ame_%28mignon%29%20ichigo_%28mignon%29%20mignon%20naked%20nipples%20photoshop%20pussy%20uncensored%20wet.png
1y,998070,https://files.yande.re/sample/fd0a5e61d46edf9bde229ddba85e8c02/yande.re%20998070%20sample%20bra%20breast_hold%20breasts%20garter%20genshin_impact%20houkiboshi_%28mmjw7432%29%20keqing%20nipples%20pantsu%20photoshop%20see_through%20wardrobe_malfunction.jpg,https://files.yande.re/image/fd0a5e61d46edf9bde229ddba85e8c02/yande.re%20998070%20bra%20breast_hold%20breasts%20garter%20genshin_impact%20houkiboshi_%28mmjw7432%29%20keqing%20nipples%20pantsu%20photoshop%20see_through%20wardrobe_malfunction.png
1y,967134,https://files.yande.re/sample/f66cec9676a10d1b1287ae80592861d5/yande.re%20967134%20sample%20anus%20azur_lane%20bae.c%20cheshire_%28azur_lane%29%20garter_belt%20naked%20nipples%20pussy%20stockings%20thighhighs%20uncensored.jpg,https://files.yande.re/image/f66cec9676a10d1b1287ae80592861d5/yande.re%20967134%20anus%20azur_lane%20bae.c%20cheshire_%28azur_lane%29%20garter_belt%20naked%20nipples%20pussy%20stockings%20thighhighs%20uncensored.png
1y,1030989,https://files.yande.re/sample/05e8d7ea7ea011b10da28d8bfa7fa8ac/yande.re%201030989%20sample%20anus%20asou_%28asabu202%29%20cameltoe%20fate_stay_night%20loli%20masturbation%20nipples%20no_bra%20pantsu%20panty_pull%20pussy%20pussy_juice%20shirt_lift%20topless%20uncensored.jpg,https://files.yande.re/image/05e8d7ea7ea011b10da28d8bfa7fa8ac/yande.re%201030989%20anus%20asou_%28asabu202%29%20cameltoe%20fate_stay_night%20loli%20masturbation%20nipples%20no_bra%20pantsu%20panty_pull%20pussy%20pussy_juice%20shirt_lift%20topless%20uncensored.png
1y,1040923,https://files.yande.re/sample/9d91fdbcc06ccae8ede4c685317adfd2/yande.re%201040923%20sample%20bra%20breasts%20kat_%28bu-kunn%29%20lingerie%20nipples%20pantsu%20photoshop%20shirt_lift%20skirt_lift%20thong%20wardrobe_malfunction.jpg,https://files.yande.re/image/9d91fdbcc06ccae8ede4c685317adfd2/yande.re%201040923%20bra%20breasts%20kat_%28bu-kunn%29%20lingerie%20nipples%20pantsu%20photoshop%20shirt_lift%20skirt_lift%20thong%20wardrobe_malfunction.png
1y,984731,https://files.yande.re/sample/d75bef8dc009ed5bb9cf56cebd8cf8d5/yande.re%20984731%20sample%20ass%20bra%20breasts%20miyase_mahiro%20nipples%20pantsu%20panty_pull%20pantyhose%20photoshop%20pussy%20pussy_juice%20seifuku%20uncensored%20undressing.jpg,https://files.yande.re/image/d75bef8dc009ed5bb9cf56cebd8cf8d5/yande.re%20984731%20ass%20bra%20breasts%20miyase_mahiro%20nipples%20pantsu%20panty_pull%20pantyhose%20photoshop%20pussy%20pussy_juice%20seifuku%20uncensored%20undressing.png
1y,1055837,https://files.yande.re/sample/292002a28f3a8331d7914e4ea6e477cd/yande.re%201055837%20sample%20bottomless%20breasts%20dress_shirt%20genshin_impact%20houkiboshi_%28mmjw7432%29%20nipples%20no_bra%20open_shirt%20raiden_shogun.jpg,https://files.yande.re/image/292002a28f3a8331d7914e4ea6e477cd/yande.re%201055837%20bottomless%20breasts%20dress_shirt%20genshin_impact%20houkiboshi_%28mmjw7432%29%20nipples%20no_bra%20open_shirt%20raiden_shogun.jpg
1y,1034990,https://files.yande.re/sample/2d524c38fdb95f9186247b1f139929a7/yande.re%201034990%20sample%20animal_ears%20anus%20breasts%20kokuto_%28kurousagi1210%29%20loli%20nipples%20no_bra%20nopan%20pantyhose%20pussy%20pussy_juice%20seifuku%20shirt_lift%20skirt_lift%20tail%20uncensored.jpg,https://files.yande.re/image/2d524c38fdb95f9186247b1f139929a7/yande.re%201034990%20animal_ears%20anus%20breasts%20kokuto_%28kurousagi1210%29%20loli%20nipples%20no_bra%20nopan%20pantyhose%20pussy%20pussy_juice%20seifuku%20shirt_lift%20skirt_lift%20tail%20uncensored.png
1y,994497,https://files.yande.re/sample/072b729480473d2cbfbd7131abae5eb7/yande.re%20994497%20sample%20bra%20breast_hold%20breasts%20kat_%28bu-kunn%29%20nipples%20open_shirt%20pantsu%20see_through%20seifuku.jpg,https://files.yande.re/image/072b729480473d2cbfbd7131abae5eb7/yande.re%20994497%20bra%20breast_hold%20breasts%20kat_%28bu-kunn%29%20nipples%20open_shirt%20pantsu%20see_through%20seifuku.jpg
1y,997756,https://files.yande.re/sample/bbfe85aaad55c83f8af71fdb3034a7ca/yande.re%20997756%20sample%20bikini%20momoko_%28momopoco%29%20nipples%20photoshop%20swimsuits%20topless%20wet%20yukari_%28momoko%29.jpg,https://files.yande.re/image/bbfe85aaad55c83f8af71fdb3034a7ca/yande.re%20997756%20bikini%20momoko_%28momopoco%29%20nipples%20photoshop%20swimsuits%20topless%20wet%20yukari_%28momoko%29.png
1y,1024296,https://files.yande.re/sample/8c8f62567f89f4214bc23cb0877c63ff/yande.re%201024296%20sample%20alpha_%28alpha91%29%20angel%20anus%20blue_archive%20bottomless%20breasts%20feet%20gym_uniform%20loli%20nipples%20no_bra%20pussy%20shirasu_azusa%20shirt_lift%20uncensored.jpg,https://files.yande.re/image/8c8f62567f89f4214bc23cb0877c63ff/yande.re%201024296%20alpha_%28alpha91%29%20angel%20anus%20blue_archive%20bottomless%20breasts%20feet%20gym_uniform%20loli%20nipples%20no_bra%20pussy%20shirasu_azusa%20shirt_lift%20uncensored.png
1y,1055176,https://files.yande.re/sample/9067dd70f65fa53e04b8925bcfc2bae8/yande.re%201055176%20sample%20ame_%28mignon%29%20anus%20cropped%20cum%20detexted%20mignon%20naked%20nipples%20photoshop%20pussy%20uncensored.jpg,https://files.yande.re/image/9067dd70f65fa53e04b8925bcfc2bae8/yande.re%201055176%20ame_%28mignon%29%20anus%20cropped%20cum%20detexted%20mignon%20naked%20nipples%20photoshop%20pussy%20uncensored.png
1y,964937,https://files.yande.re/sample/d636bc463fc61b6c80e352c6d607d7c6/yande.re%20964937%20sample%20basketball%20bra%20kantoku%20open_shirt%20pantsu%20panty_pull%20seifuku%20shimapan.jpg,https://files.yande.re/image/d636bc463fc61b6c80e352c6d607d7c6/yande.re%20964937%20basketball%20bra%20kantoku%20open_shirt%20pantsu%20panty_pull%20seifuku%20shimapan.jpg
1y,954571,https://files.yande.re/sample/a976f35689157c2f24d2bf6f00e6c64c/yande.re%20954571%20sample%20bathing%20cream%20kat_%28bu-kunn%29%20naked%20nipples%20photoshop%20pussy%20pussy_juice%20uncensored%20wet.jpg,https://files.yande.re/image/a976f35689157c2f24d2bf6f00e6c64c/yande.re%20954571%20bathing%20cream%20kat_%28bu-kunn%29%20naked%20nipples%20photoshop%20pussy%20pussy_juice%20uncensored%20wet.png
